[
    {
        "titulo": "Natal Solidário e Natal Sem Fome 2024: Campanhas da Buriti mostram a força da união com mais de 10 mil cestas doadas a comunidades carentes.",
        "imagem": "https://esquerdaonline.com.br/wp-content/uploads/2025/01/Snapinsta.app_472974366_2702970556757109_4884568397861868520_n_1080.jpg",
        "data": "2024-12-28 14:00:00",
        "link": "http://buritiempreendimentos.com.br/natal-solidario-e-natal-sem-fome-2024-campanhas-da-buriti-mostram-a-forca-da-uniao-com-mais-de-10-mil-cestas-doadas-a-comunidades-carentes/",
        "conteudo": "\n<p style=\"text-align: justify;\"><span style=\"font-weight: 400;\">A época do Natal é marcada por união, esperança e, sobretudo, empatia. Seguindo esse espírito, a <a href=\"http://www.buritiempreendimentos.com.br/\">Buriti Empreendimentos</a> promoveu, pelo oitavo ano consecutivo, sua tradicional campanha de arrecadação de cestas básicas — o <a href=\"http://buritiempreendimentos.com.br/natal-solidario-da-buriti-arrecada-mais-de-2-mil-cestas-basicas/\">Natal Solidário</a>. O resultado? Um verdadeiro recorde de solidariedade: mais de 9 mil cestas (precisamente 9.684), conquistadas graças ao envolvimento de colaboradores, parceiros e da própria Buriti, que se comprometeu a dobrar a quantidade arrecadada pelas equipes em todo o Brasil.</span></p>\n<p style=\"text-align: justify;\"><i><span style=\"font-weight: 400;\">“O nosso propósito é sempre fomentar a cultura da doação. Por isso, dobrar em quantidade o que já foi arrecadado é mais do que uma meta, é nosso compromisso”, ressalta Sidney Penna, sócio-diretor da <a href=\"http://www.buritiempreendimentos.com.br/\">Buriti</a>.</span></i></p>\n<p style=\"text-align: justify;\"><span style=\"font-weight: 400;\">A distribuição das doações teve início na segunda quinzena de dezembro e seguiu até a véspera de Natal, levando mais dignidade e alegria a famílias em situação de vulnerabilidade social. Para Moisés Carvalho, também sócio-diretor da empresa, o sucesso da campanha deve-se ao forte engajamento de todos:</span></p>\n<p style=\"text-align: justify;\"><span style=\"font-weight: 400;\">“Desde o primeiro ano de campanha, o engajamento de toda a equipe sempre foi impressionante.”</span></p>\n<p style=\"text-align: justify;\"><span style=\"font-weight: 400;\">Além do Natal Solidário, a <a href=\"http://www.buritiempreendimentos.com.br/\">Buriti Empreendimentos</a> realizou a 10ª edição do Futebol Solidário, em <a href=\"http://buritiempreendimentos.com.br/properties/cidade-buriti-residencial/\">Palmas</a>, promovendo a campanha Natal Sem Fome em parceria com a Associação Atlética Banco do Brasil (AABB). O evento reuniu grandes nomes do futebol nacional e garantiu a arrecadação de mais 400 cestas básicas, beneficiando 11 entidades filantrópicas de Palmas, Porto Nacional, Lajeado, Ipueiras e região.</span></p>\n<p style=\"text-align: justify;\"><span style=\"font-weight: 400;\">“Queremos agradecer a cada pessoa que compareceu e contribuiu com essa grande corrente de solidariedade, assim como aos jogadores que abrilhantaram o evento. A <a href=\"http://www.buritiempreendimentos.com.br/\">Buriti Empreendimentos</a> está sempre engajada em causas sociais, pois acreditamos que nossa missão também é ajudar a construir uma vida melhor para as comunidades onde estamos presentes”, destaca Márcio de Paula, gerente de vendas da Buriti.</span></p>\n<p style=\"text-align: justify;\"><span style=\"font-weight: 400;\">Dessa forma, a Buriti encerra o ano reafirmando seu compromisso social e provando que, quando há união de esforços, a solidariedade consegue alcançar ainda mais lares, levando esperança a quem mais precisa neste período tão especial.</span></p>\n<p style=\"text-align: justify;\"><span style=\"font-weight: 400;\">Foto: Divulgação</span></p>\n<div class=\"swp_social_panel swp_horizontal_panel swp_flat_fresh swp_default_full_color swp_individual_full_color swp_other_full_color scale-100 scale-\" data-float=\"none\" data-float-color=\"#ffffff\" data-float-mobile=\"none\" data-min-width=\"1100\" data-post-id=\"10161\" data-transition=\"slide\"><div class=\"nc_tweetContainer swp_share_button swp_facebook\" data-network=\"facebook\"><a class=\"nc_tweet swp_share_link\" data-link=\"http://www.facebook.com/share.php?u=http%3A%2F%2Fburitiempreendimentos.com.br%2Fnatal-solidario-e-natal-sem-fome-2024-campanhas-da-buriti-mostram-a-forca-da-uniao-com-mais-de-10-mil-cestas-doadas-a-comunidades-carentes%2F\" href=\"http://www.facebook.com/share.php?u=http%3A%2F%2Fburitiempreendimentos.com.br%2Fnatal-solidario-e-natal-sem-fome-2024-campanhas-da-buriti-mostram-a-forca-da-uniao-com-mais-de-10-mil-cestas-doadas-a-comunidades-carentes%2F\" rel=\"nofollow noreferrer noopener\" target=\"_blank\"><span class=\"swp_count swp_hide\"><span class=\"iconFiller\"><span class=\"spaceManWilly\"><i class=\"sw swp_facebook_icon\"></i><span class=\"swp_share\">Compartilhar</span></span></span></span></a></div><div class=\"nc_tweetContainer swp_share_button swp_linkedin\" data-network=\"linkedin\"><a class=\"nc_tweet swp_share_link\" data-link=\"http://www.linkedin.com/cws/share?url=http%3A%2F%2Fburitiempreendimentos.com.br%2Fnatal-solidario-e-natal-sem-fome-2024-campanhas-da-buriti-mostram-a-forca-da-uniao-com-mais-de-10-mil-cestas-doadas-a-comunidades-carentes%2F\" href=\"http://www.linkedin.com/cws/share?url=http%3A%2F%2Fburitiempreendimentos.com.br%2Fnatal-solidario-e-natal-sem-fome-2024-campanhas-da-buriti-mostram-a-forca-da-uniao-com-mais-de-10-mil-cestas-doadas-a-comunidades-carentes%2F\" rel=\"nofollow noreferrer noopener\" target=\"_blank\"><span class=\"swp_count swp_hide\"><span class=\"iconFiller\"><span class=\"spaceManWilly\"><i class=\"sw swp_linkedin_icon\"></i><span class=\"swp_share\">Compartilhar</span></span></span></span></a></div></div><div class=\"swp-content-locator\"></div> <div class=\"post_meta post_meta_single\"><span class=\"post_meta_item post_share\"><div class=\"socials_share socials_size_tiny socials_type_block socials_dir_horizontal socials_wrap\"><span class=\"social_items\"><a class=\"social_item social_item_popup\" data-count=\"none\" data-link=\"\" href=\"\"><span class=\"social_icon social_none\"><span class=\"none\"></span></span></a></span></div></span> </div>\n"
    },
    {
        "titulo": "Surpreenda no Natal – Dicas de decoração criativa e sustentável para sua casa.",
        "imagem": "http://buritiempreendimentos.com.br/wp-content/uploads/2024/12/CAPA-BLOG_DECORACAO-DE-NATAL_alt-370x208.png",
        "data": "2024-12-08 14:00:00",
        "link": "http://buritiempreendimentos.com.br/surpreenda-no-natal-dicas-de-decoracao-criativa-e-sustentavel-para-sua-casa/",
        "conteudo": "\n<p style=\"text-align: center;\"><em>Transforme sua casa com dicas práticas e econômicas, reaproveitando materiais e criando um clima natalino acolhedor e consciente</em></p>\n<p style=\"text-align: justify;\">Já imaginou dar um toque criativo e sustentável à sua decoração de Natal? Com materiais que você já tem em casa, é possível criar um ambiente mágico, cheio de estilo e com a cara das festas de fim de ano.</p>\n<p style=\"text-align: justify;\">A <a href=\"http://buritiempreendimentos.com.br/\">Buriti Empreendimentos</a> reuniu ideias práticas para quem deseja inovar com criatividade, economia e responsabilidade ambiental. Inspire-se!</p>\n<p> </p>\n<p style=\"text-align: justify;\"><strong>1. Árvore de Natal sustentável<br/>\n</strong><br/>\nUma árvore de Natal é o coração da decoração natalina, mas que tal inovar? Em vez de comprar uma árvore convencional, você pode criar a sua.</p>\n<p>⦁ Recorte triângulos de papelão e empilhe para formar uma árvore simples e moderna.<br/>\n⦁ Use galhos encontrados na natureza e decore-os com enfeites reciclados.<br/>\n⦁ Empilhe livros em formato de triângulo, criando uma “árvore” alternativa e criativa.<br/>\n⦁ Se você gosta de pintura, pode criar lindos enfeites para a Árvore de Natal com lâmpadas queimadas. Pinte-as com temas natalinos, como Papai Noel ou boneco de neve.</p>\n<p style=\"text-align: center;\"><img alt=\"Buriti\" class=\"aligncenter wp-image-10139 size-medium\" decoding=\"async\" height=\"300\" sizes=\"(max-width: 300px) 100vw, 300px\" src=\"http://buritiempreendimentos.com.br/wp-content/uploads/2024/12/vintage-christmas-text-300x300.jpg\" srcset=\"http://buritiempreendimentos.com.br/wp-content/uploads/2024/12/vintage-christmas-text-300x300.jpg 300w, http://buritiempreendimentos.com.br/wp-content/uploads/2024/12/vintage-christmas-text-1024x1024.jpg 1024w, http://buritiempreendimentos.com.br/wp-content/uploads/2024/12/vintage-christmas-text-150x150.jpg 150w, http://buritiempreendimentos.com.br/wp-content/uploads/2024/12/vintage-christmas-text-768x768.jpg 768w, http://buritiempreendimentos.com.br/wp-content/uploads/2024/12/vintage-christmas-text-1536x1536.jpg 1536w, http://buritiempreendimentos.com.br/wp-content/uploads/2024/12/vintage-christmas-text-2048x2048.jpg 2048w, http://buritiempreendimentos.com.br/wp-content/uploads/2024/12/vintage-christmas-text-370x370.jpg 370w, http://buritiempreendimentos.com.br/wp-content/uploads/2024/12/vintage-christmas-text-428x428.jpg 428w, http://buritiempreendimentos.com.br/wp-content/uploads/2024/12/vintage-christmas-text-90x90.jpg 90w, http://buritiempreendimentos.com.br/wp-content/uploads/2024/12/vintage-christmas-text-760x760.jpg 760w\" title=\"Foto Buriti\" width=\"300\"><em>Transforme seus livros em uma árvore de Natal criativa e sustentável. Um toque literário que combina tradição e inovação!</em></img></p>\n<p> </p>\n<p><strong>2. Enfeites feitos com reutilização de materiais</strong></p>\n<p>Reaproveitar materiais do dia a dia para criar enfeites é uma ótima forma de celebrar o Natal de forma ecológica.</p>\n<p>⦁ Pinte e decore tampinhas de garrafa para fazer miniaturas ou pingentes.<br/>\n⦁ Transforme latas de alumínio em luminárias com pequenas perfurações para criar desenhos.<br/>\n⦁ Insira areia e pequenas pedras em um vaso de planta para fazer peso e coloque galhos dentro. Aí, é só soltar a criatividade para decorar.<br/>\n⦁ Cole rolhas umas às outras para criar descansos de panela ou talheres e ainda decorar sua mesa.</p>\n<p style=\"text-align: center;\"><img alt=\"Buriti\" class=\"size-medium wp-image-10138 aligncenter\" decoding=\"async\" height=\"225\" sizes=\"(max-width: 300px) 100vw, 300px\" src=\"http://buritiempreendimentos.com.br/wp-content/uploads/2024/12/jar-with-glass-jar-that-says-sparkle-it-300x225.jpg\" srcset=\"http://buritiempreendimentos.com.br/wp-content/uploads/2024/12/jar-with-glass-jar-that-says-sparkle-it-300x225.jpg 300w, http://buritiempreendimentos.com.br/wp-content/uploads/2024/12/jar-with-glass-jar-that-says-sparkle-it-1024x768.jpg 1024w, http://buritiempreendimentos.com.br/wp-content/uploads/2024/12/jar-with-glass-jar-that-says-sparkle-it-768x576.jpg 768w, http://buritiempreendimentos.com.br/wp-content/uploads/2024/12/jar-with-glass-jar-that-says-sparkle-it-1536x1152.jpg 1536w, http://buritiempreendimentos.com.br/wp-content/uploads/2024/12/jar-with-glass-jar-that-says-sparkle-it-2048x1536.jpg 2048w, http://buritiempreendimentos.com.br/wp-content/uploads/2024/12/jar-with-glass-jar-that-says-sparkle-it-370x278.jpg 370w, http://buritiempreendimentos.com.br/wp-content/uploads/2024/12/jar-with-glass-jar-that-says-sparkle-it-760x570.jpg 760w\" title=\"Foto Buriti\" width=\"300\"><em>Crie um toque mágico na sua decoração natalina com luzes de LED em potes de vidro reaproveitados. Simples, sustentável e encantador!</em></img></p>\n<p> </p>\n<p><strong>3. Guirlanda Sustentável<br/>\n</strong><br/>\nA entrada da sua casa merece uma decoração especial. Que tal criar uma guirlanda com itens que você já tem?</p>\n<p>⦁ Forme um círculo com rolhas de vinho ou folhas secas e adicione toques personalizados.<br/>\n⦁ Enrole e fixe páginas coloridas de revistas para criar uma guirlanda colorida e inusitada<br/>\n⦁ Use fitas ou retalhos de tecido para dar um acabamento único e personalizado.</p>\n<p style=\"text-align: center;\"><img alt=\"Buriti\" class=\"wp-image-10137 size-medium aligncenter\" decoding=\"async\" height=\"200\" loading=\"lazy\" sizes=\"(max-width: 300px) 100vw, 300px\" src=\"http://buritiempreendimentos.com.br/wp-content/uploads/2024/12/freepik_32378970-300x200.jpg\" srcset=\"http://buritiempreendimentos.com.br/wp-content/uploads/2024/12/freepik_32378970-300x200.jpg 300w, http://buritiempreendimentos.com.br/wp-content/uploads/2024/12/freepik_32378970-1024x684.jpg 1024w, http://buritiempreendimentos.com.br/wp-content/uploads/2024/12/freepik_32378970-768x513.jpg 768w, http://buritiempreendimentos.com.br/wp-content/uploads/2024/12/freepik_32378970-1536x1025.jpg 1536w, http://buritiempreendimentos.com.br/wp-content/uploads/2024/12/freepik_32378970-2048x1367.jpg 2048w, http://buritiempreendimentos.com.br/wp-content/uploads/2024/12/freepik_32378970-370x247.jpg 370w, http://buritiempreendimentos.com.br/wp-content/uploads/2024/12/freepik_32378970-760x507.jpg 760w\" title=\"Foto Buriti\" width=\"300\"><em>Dê as boas-vindas ao Natal com uma guirlanda feita de rolhas. Criatividade para encantar seus convidados.</em></img></p>\n<p> </p>\n<p><strong>4. Velas Decorativas com reaproveitamento<br/>\n</strong><br/>\nVelas criam um ambiente aconchegante e charmoso, e você pode reaproveitar materiais para dar um toque especial</p>\n<p>⦁ Transforme garrafas em elegantes suportes para velas, decorando-as com fitas ou glitter reciclado.<br/>\n⦁ Crie velas novas com resíduos antigos e use potes de geleia para suportá-las.<br/>\n⦁ Coloque luzinhas de LED dentro de potes de vidro, criando um efeito mágico.</p>\n<p><img alt=\"Buriti\" class=\"alignnone wp-image-10135 size-medium aligncenter\" decoding=\"async\" height=\"300\" loading=\"lazy\" sizes=\"(max-width: 200px) 100vw, 200px\" src=\"http://buritiempreendimentos.com.br/wp-content/uploads/2024/12/beautiful-decorated-christmas-tree-holiday-background-200x300.jpg\" srcset=\"http://buritiempreendimentos.com.br/wp-content/uploads/2024/12/beautiful-decorated-christmas-tree-holiday-background-200x300.jpg 200w, http://buritiempreendimentos.com.br/wp-content/uploads/2024/12/beautiful-decorated-christmas-tree-holiday-background-683x1024.jpg 683w, http://buritiempreendimentos.com.br/wp-content/uploads/2024/12/beautiful-decorated-christmas-tree-holiday-background-768x1151.jpg 768w, http://buritiempreendimentos.com.br/wp-content/uploads/2024/12/beautiful-decorated-christmas-tree-holiday-background-1024x1536.jpg 1024w, http://buritiempreendimentos.com.br/wp-content/uploads/2024/12/beautiful-decorated-christmas-tree-holiday-background-1366x2048.jpg 1366w, http://buritiempreendimentos.com.br/wp-content/uploads/2024/12/beautiful-decorated-christmas-tree-holiday-background-370x555.jpg 370w, http://buritiempreendimentos.com.br/wp-content/uploads/2024/12/beautiful-decorated-christmas-tree-holiday-background-760x1140.jpg 760w, http://buritiempreendimentos.com.br/wp-content/uploads/2024/12/beautiful-decorated-christmas-tree-holiday-background-scaled.jpg 1707w\" title=\"Foto Buriti\" width=\"200\"/></p>\n<p style=\"text-align: center;\"><em>Simples e sofisticado: reaproveite garrafas para criar suportes de velas com um toque natural e aconchegante.</em></p>\n<p> </p>\n<p style=\"text-align: justify;\"><strong><br/>\n5. Arranjos para centros de mesa<br/>\n</strong><br/>\nDê um toque especial à sua ceia com arranjos únicos, feitos de forma sustentável e criativa.</p>\n<p>⦁ Use cascas de laranja ou limão como suportes para pequenas velas. Além de decorativos, perfumam o ambiente com um aroma cítrico.<br/>\n⦁ Crie arranjos em potes reaproveitados com camadas de sal grosso (imita neve), pinhas, folhas secas e frutas desidratadas.<br/>\n⦁ Dobre estrelas com papel kraft ou páginas de livros antigos e pendure-as acima da mesa com fios transparentes.<br/>\n⦁ Inverta taças de vidro e use a base como suporte para velas. Dentro das taças, coloque pequenos enfeites como pinhas, bolas de Natal ou miniaturas natalinas.</p>\n<p><img alt=\"Buriti\" class=\"alignnone wp-image-10136 size-medium aligncenter\" decoding=\"async\" height=\"300\" loading=\"lazy\" sizes=\"(max-width: 200px) 100vw, 200px\" src=\"http://buritiempreendimentos.com.br/wp-content/uploads/2024/12/diy-glass-candlesticks-christmas-decor-with-lace-ribbons-200x300.jpg\" srcset=\"http://buritiempreendimentos.com.br/wp-content/uploads/2024/12/diy-glass-candlesticks-christmas-decor-with-lace-ribbons-200x300.jpg 200w, http://buritiempreendimentos.com.br/wp-content/uploads/2024/12/diy-glass-candlesticks-christmas-decor-with-lace-ribbons-683x1024.jpg 683w, http://buritiempreendimentos.com.br/wp-content/uploads/2024/12/diy-glass-candlesticks-christmas-decor-with-lace-ribbons-768x1152.jpg 768w, http://buritiempreendimentos.com.br/wp-content/uploads/2024/12/diy-glass-candlesticks-christmas-decor-with-lace-ribbons-1024x1536.jpg 1024w, http://buritiempreendimentos.com.br/wp-content/uploads/2024/12/diy-glass-candlesticks-christmas-decor-with-lace-ribbons-1365x2048.jpg 1365w, http://buritiempreendimentos.com.br/wp-content/uploads/2024/12/diy-glass-candlesticks-christmas-decor-with-lace-ribbons-370x555.jpg 370w, http://buritiempreendimentos.com.br/wp-content/uploads/2024/12/diy-glass-candlesticks-christmas-decor-with-lace-ribbons-760x1140.jpg 760w, http://buritiempreendimentos.com.br/wp-content/uploads/2024/12/diy-glass-candlesticks-christmas-decor-with-lace-ribbons-scaled.jpg 1707w\" title=\"Foto Buriti\" width=\"200\"/></p>\n<p style=\"text-align: center;\"><em>Velas em potes decorados com laços e elementos naturais. Uma ideia charmosa e sustentável para iluminar seu Natal com delicadeza.</em><br/>\n<em>Celebre o Natal</em></p>\n<p style=\"text-align: center;\">Com um pouco de criatividade e reaproveitamento de materiais, é possível criar uma decoração natalina única e sustentável. A <a href=\"http://buritiempreendimentos.com.br/\">Buriti Empreendimentos</a> acredita que um Natal mais sustentável não só deixa sua casa mais bonita, mas também contribui para um mundo melhor.<br/>\nPronto para transformar sua casa neste Natal? Inspire-se nessas ideias e celebre com estilo e responsabilidade. Feliz Natal!</p>\n<div class=\"swp_social_panel swp_horizontal_panel swp_flat_fresh swp_default_full_color swp_individual_full_color swp_other_full_color scale-100 scale-\" data-float=\"none\" data-float-color=\"#ffffff\" data-float-mobile=\"none\" data-min-width=\"1100\" data-post-id=\"10134\" data-transition=\"slide\"><div class=\"nc_tweetContainer swp_share_button swp_facebook\" data-network=\"facebook\"><a class=\"nc_tweet swp_share_link\" data-link=\"http://www.facebook.com/share.php?u=http%3A%2F%2Fburitiempreendimentos.com.br%2Fsurpreenda-no-natal-dicas-de-decoracao-criativa-e-sustentavel-para-sua-casa%2F\" href=\"http://www.facebook.com/share.php?u=http%3A%2F%2Fburitiempreendimentos.com.br%2Fsurpreenda-no-natal-dicas-de-decoracao-criativa-e-sustentavel-para-sua-casa%2F\" rel=\"nofollow noreferrer noopener\" target=\"_blank\"><span class=\"swp_count swp_hide\"><span class=\"iconFiller\"><span class=\"spaceManWilly\"><i class=\"sw swp_facebook_icon\"></i><span class=\"swp_share\">Compartilhar</span></span></span></span></a></div><div class=\"nc_tweetContainer swp_share_button swp_linkedin\" data-network=\"linkedin\"><a class=\"nc_tweet swp_share_link\" data-link=\"http://www.linkedin.com/cws/share?url=http%3A%2F%2Fburitiempreendimentos.com.br%2Fsurpreenda-no-natal-dicas-de-decoracao-criativa-e-sustentavel-para-sua-casa%2F\" href=\"http://www.linkedin.com/cws/share?url=http%3A%2F%2Fburitiempreendimentos.com.br%2Fsurpreenda-no-natal-dicas-de-decoracao-criativa-e-sustentavel-para-sua-casa%2F\" rel=\"nofollow noreferrer noopener\" target=\"_blank\"><span class=\"swp_count swp_hide\"><span class=\"iconFiller\"><span class=\"spaceManWilly\"><i class=\"sw swp_linkedin_icon\"></i><span class=\"swp_share\">Compartilhar</span></span></span></span></a></div></div><div class=\"swp-content-locator\"></div> <div class=\"post_meta post_meta_single\"><span class=\"post_meta_item post_share\"><div class=\"socials_share socials_size_tiny socials_type_block socials_dir_horizontal socials_wrap\"><span class=\"social_items\"><a class=\"social_item social_item_popup\" data-count=\"none\" data-link=\"\" href=\"\"><span class=\"social_icon social_none\"><span class=\"none\"></span></span></a></span></div></span> </div>\n"
    },
    {
        "titulo": "3ª etapa do Cidade Buriti traz o que a Geração Z espera de um empreendimento",
        "imagem": "http://buritiempreendimentos.com.br/wp-content/uploads/2024/12/CAPA-BLOG_GERACAO-Z-370x208.png",
        "data": "2024-12-03 14:00:00",
        "link": "http://buritiempreendimentos.com.br/3a-etapa-do-cidade-buriti-traz-o-que-a-geracao-z-espera-de-um-empreendimento/",
        "conteudo": "\n<p style=\"text-align: center;\"><em>Geração Z, este é o seu lugar!</em><br/>\n<em>Mais conectividade, sustentabilidade e flexibilidade — conheça o ARSO 171, a 3ª etapa do <a href=\"http://buritiempreendimentos.com.br/properties/cidade-buriti-residencial/\">Cidade Buriti</a></em></p>\n<p style=\"text-align: justify;\">Ei, Geração Z! Se você está pensando em ter seu próprio espaço e construir um futuro que combine sustentabilidade, tecnologia e qualidade de vida, continue lendo. Sabemos que você quer mais do que um simples imóvel — quer um ambiente que reflita seus valores e traga experiências autênticas. É exatamente isso que a <a href=\"http://www.buritiempreendimentos.com.br/\">Buriti Empreendimentos</a> oferece nos seus bairros planejados.</p>\n<p style=\"text-align: justify;\">Para quem está meio perdido, a Geração Z (também chamada de zoomers, zentennials ou iGeneration) é formada pelos nascidos entre o final dos anos 1990 e 2010. É uma geração que cresceu em um mundo totalmente digital, e isso mudou tudo. Diferentemente das gerações anteriores, não buscam apenas um lugar para morar; querem um estilo de vida que esteja em sintonia com seus valores. Com um forte apelo por questões ambientais, essa geração está redefinindo o conceito de lar.</p>\n<p style=\"text-align: justify;\">Se você se identifica com tudo isso, então faz parte desse grupo que está mudando as regras do jogo — inclusive no mercado imobiliário.</p>\n<p style=\"text-align: justify;\"><strong>ARSO 171: o lançamento da Buriti que fala diretamente com você.</strong></p>\n<p style=\"text-align: justify;\">Pensado para atender aos desejos de uma geração que busca qualidade de vida, sustentabilidade e mobilidade, o <a href=\"http://buritiempreendimentos.com.br/properties/cidade-buriti-residencial/\">ARSO 171</a> é a 3ª etapa do Cidade Buriti, um complexo de bairros inteligentes da <a href=\"http://www.buritiempreendimentos.com.br/\">Buriti Empreendimentos</a>.</p>\n<p style=\"text-align: justify;\">Com uma localização estratégica no sul de Palmas, ao longo da Avenida Teotônio Segurado, o bairro é perfeito para quem quer estar próximo a serviços essenciais e, ao mesmo tempo, desfrutar de áreas verdes e lazer completo.<br/>\nSustentabilidade</p>\n<p><strong>O ARSO 171</strong> foi projetado com áreas protegidas e preservação da mata permanente. Lixeiras para coleta seletiva foram instaladas em pontos estratégicos, e a iluminação pública conta com lâmpadas de LED, que são mais econômicas e sustentáveis. Além disso, os parques lineares que cortam todo o complexo reforçam o compromisso com a natureza.</p>\n<p><strong>Mobilidade e Integração<br/>\n</strong><br/>\nA infraestrutura do <a href=\"http://buritiempreendimentos.com.br/properties/cidade-buriti-residencial/\">ARSO 171</a> foi pensada para garantir mobilidade e acessibilidade. Ciclovias interligam o bairro, enquanto corredores exclusivos para ônibus tornam o transporte público mais eficiente. As calçadas largas e niveladas com os meios-fios também foram projetadas para facilitar a locomoção de pedestres, incluindo pessoas com restrições de mobilidade.</p>\n<p><strong>Lazer e Segurança<br/>\n</strong><br/>\nO lazer está no centro do <a href=\"http://buritiempreendimentos.com.br/properties/cidade-buriti-residencial/\">ARSO 171</a>, com parques lineares que oferecem uma variedade de opções: praças com Wi-Fi, estação de ginástica, quadras de areia, quadra poliesportiva, playground, pet place e muito mais. Para que você aproveite tudo isso com tranquilidade, o bairro contará com um sistema de câmeras de monitoramento, proporcionando mais segurança para os moradores.</p>\n<p><strong>Infraestrutura completa<br/>\n</strong><br/>\nO <a href=\"http://buritiempreendimentos.com.br/properties/cidade-buriti-residencial/\">ARSO 171</a> será entregue com tudo o que você precisa para viver bem: asfaltos de qualidade, redes de água, elétrica e esgoto, além de galerias de drenagem que garantem a eficiência do sistema urbano.</p>\n<p style=\"text-align: justify;\"><strong>O conceito “cidade 15 minutos”</strong></p>\n<p style=\"text-align: justify;\">O Cidade Buriti incorpora conceitos modernos de urbanismo, como o “cidade 15 minutos”, que prioriza fácil acesso a tudo o que você precisa no cotidiano.</p>\n<p style=\"text-align: justify;\">Aqui, moradia, trabalho, lazer, saúde e educação estão ao seu alcance, em até 15 minutos de caminhada. Esse conceito promove uma vida mais prática, saudável e integrada, tudo isso em um espaço planejado para oferecer o melhor para você e sua família.</p>\n<p><strong>Como adquirir?<br/>\n</strong><br/>\nO lançamento do <a href=\"http://buritiempreendimentos.com.br/properties/cidade-buriti-residencial/\">ARSO 171</a> será no dia 11 de dezembro de 2024. Para garantir seu terreno, basta levar seus documentos pessoais e comprovante de endereço ao Stand de Vendas, que está localizado no próprio bairro.</p>\n<p style=\"text-align: justify;\">Mais informações podem ser solicitadas via WhatsApp pelo número <a href=\"http://wa.me/+5563992092716\" rel=\"noopener\" target=\"_blank\">(63) 9 9209-2716</a>. As condições de pagamento incluem entrada facilitada, parcelas a partir de R$ 449 e financiamento próprio, sem burocracia. Não perca a oportunidade de conquistar seu espaço no Cidade Buriti! O que mais você pode querer?</p>\n<p style=\"text-align: justify;\">A Geração Z está mudando o mercado imobiliário, e a <a href=\"http://www.buritiempreendimentos.com.br/\">Buriti Empreendimentos</a> está na vanguarda dessa transformação. Com o lançamento do ARSO 171, oferecemos mais do que imóveis; entregamos uma nova forma de viver, conectada aos seus valores, ao futuro e à sustentabilidade.</p>\n<p> </p>\n<div class=\"swp_social_panel swp_horizontal_panel swp_flat_fresh swp_default_full_color swp_individual_full_color swp_other_full_color scale-100 scale-\" data-float=\"none\" data-float-color=\"#ffffff\" data-float-mobile=\"none\" data-min-width=\"1100\" data-post-id=\"10123\" data-transition=\"slide\"><div class=\"nc_tweetContainer swp_share_button swp_facebook\" data-network=\"facebook\"><a class=\"nc_tweet swp_share_link\" data-link=\"http://www.facebook.com/share.php?u=http%3A%2F%2Fburitiempreendimentos.com.br%2F3a-etapa-do-cidade-buriti-traz-o-que-a-geracao-z-espera-de-um-empreendimento%2F\" href=\"http://www.facebook.com/share.php?u=http%3A%2F%2Fburitiempreendimentos.com.br%2F3a-etapa-do-cidade-buriti-traz-o-que-a-geracao-z-espera-de-um-empreendimento%2F\" rel=\"nofollow noreferrer noopener\" target=\"_blank\"><span class=\"swp_count swp_hide\"><span class=\"iconFiller\"><span class=\"spaceManWilly\"><i class=\"sw swp_facebook_icon\"></i><span class=\"swp_share\">Compartilhar</span></span></span></span></a></div><div class=\"nc_tweetContainer swp_share_button swp_linkedin\" data-network=\"linkedin\"><a class=\"nc_tweet swp_share_link\" data-link=\"http://www.linkedin.com/cws/share?url=http%3A%2F%2Fburitiempreendimentos.com.br%2F3a-etapa-do-cidade-buriti-traz-o-que-a-geracao-z-espera-de-um-empreendimento%2F\" href=\"http://www.linkedin.com/cws/share?url=http%3A%2F%2Fburitiempreendimentos.com.br%2F3a-etapa-do-cidade-buriti-traz-o-que-a-geracao-z-espera-de-um-empreendimento%2F\" rel=\"nofollow noreferrer noopener\" target=\"_blank\"><span class=\"swp_count swp_hide\"><span class=\"iconFiller\"><span class=\"spaceManWilly\"><i class=\"sw swp_linkedin_icon\"></i><span class=\"swp_share\">Compartilhar</span></span></span></span></a></div></div><div class=\"swp-content-locator\"></div> <div class=\"post_meta post_meta_single\"><span class=\"post_meta_item post_share\"><div class=\"socials_share socials_size_tiny socials_type_block socials_dir_horizontal socials_wrap\"><span class=\"social_items\"><a class=\"social_item social_item_popup\" data-count=\"none\" data-link=\"\" href=\"\"><span class=\"social_icon social_none\"><span class=\"none\"></span></span></a></span></div></span> </div>\n"
    },
    {
        "titulo": "Buriti celebra 107 anos de Prudente com um novo empreendimento que impulsiona o desenvolvimento urbano",
        "imagem": "http://buritiempreendimentos.com.br/wp-content/uploads/2024/09/CAPA-BLOG_ANIVERSARIO-PRESIDENTE-PRUDENTE-370x208.jpg",
        "data": "2024-09-14 14:00:00",
        "link": "http://buritiempreendimentos.com.br/buriti-celebra-107-anos-de-prudente-com-um-novo-empreendimento-que-impulsiona-o-desenvolvimento-urbano/",
        "conteudo": "\n<p style=\"text-align: center;\"><em>Há dez anos a loteadora investe na cidade contribuindo com a geração de novos postos de trabalho</em></p>\n<p style=\"text-align: justify;\">Em 2024, Presidente Prudente celebrará 107 anos, e um dos marcos recentes de seu crescimento tem sido a atuação da <a href=\"http://buritiempreendimentos.com.br/\">Buriti Empreendimentos</a>, presente na cidade desde 2014. Ao longo desses anos, a empresa tem sido peça-chave no desenvolvimento urbano e econômico, com a criação de bairros planejados e a oferta de mais de 2 mil terrenos. Para marcar dez anos de atuação da empresa em Prudente, a Buriti lançará o Residencial Parque dos Ipês, um novo empreendimento que promete impactar positivamente a economia local e fortalecer a valorização imobiliária da zona leste.</p>\n<p style=\"text-align: justify;\">Com lançamentos importantes, como o <a href=\"http://buritiempreendimentos.com.br/properties/residencial-jatoba/\">Residencial Jatobá</a> (2014), o Parque dos Buritis (2020) e o <a href=\"http://buritiempreendimentos.com.br/properties/residencial-garden-prime/\">Buriti Garden Prime</a> (2023), a <a href=\"http://buritiempreendimentos.com.br/\">Buriti</a> consolidou sua posição como referência no mercado imobiliário. Agora, com o<a href=\"http://buritiempreendimentos.com.br/properties/residencial-parque-dos-ipes/\"> Parque dos Ipês</a>, mais um projeto desenvolvido em parceria com a Pauma, a empresa estabelece um novo marco ao lançar 1.869 terrenos. O novo empreendimento oferecerá condições atrativas, com entrada parcelada em até 12 vezes, a partir de R$ 299,00 mensais, e prestações em até 228 vezes, também a partir de R$ 299,00, com a primeira parcela sendo paga apenas após a quitação da entrada.</p>\n<p style=\"text-align: justify;\">“O sucesso da <a href=\"http://buritiempreendimentos.com.br/\">Buriti</a> está na combinação entre infraestrutura de qualidade, localização estratégica e a facilidade no processo de compra, o que permite que muitas famílias realizem o sonho de adquirir seu terreno”, destaca o diretor regional da <a href=\"http://buritiempreendimentos.com.br/\">Buriti</a>, Lúcio Cornachini. Além disso, a Buriti tem um compromisso com a geração de empregos na cidade, priorizando a contratação de mão de obra local em seus projetos. “A cada empreendimento, geramos em média 70 empregos diretos e 210 indiretos. No caso do <a href=\"http://buritiempreendimentos.com.br/properties/residencial-parque-dos-ipes/\">Parque dos Ipês</a>, já temos 89 empregados diretos e esperamos gerar até 300 empregos indiretos ao longo da obra”, completa o diretor.</p>\n<p style=\"text-align: justify;\">A Buriti também contribuiu com a transformação da paisagem urbana de Presidente Prudente, com a criação de novos bairros e para a valorização de áreas antes subutilizadas. Sua atuação vai além do mercado imobiliário, impactando positivamente a economia local e ajudando a consolidar Prudente como um polo regional atrativo para novos moradores e investidores.</p>\n<p style=\"text-align: justify;\">Para os próximos anos, a <a href=\"http://buritiempreendimentos.com.br/\">Buriti</a> já planeja o lançamento de cinco novos empreendimentos, entre eles os Residenciais Jardim Ipiranga I e II, Jardim Europa, Jardim Nova América e Madri, reafirmando sua visão de longo prazo para o desenvolvimento sustentável de Presidente Prudente.</p>\n<p style=\"text-align: justify;\">“Fomos acolhidos por Presidente Prudente desde o início, o que fortalece ainda mais nosso compromisso em tornar o sonho da casa própria acessível a todos. Neste aniversário de 107 anos da cidade, comemoramos não apenas uma década de atuação, mas também o impacto positivo que nossos projetos têm proporcionado às pessoas e investidores do Oeste Paulista”, conclui Cornachini.</p>\n<p style=\"text-align: justify;\"><a href=\"http://buritiempreendimentos.com.br/a-buriti/\">A BURITI</a></p>\n<p style=\"text-align: justify;\">Com 20 anos de atuação no mercado, a Buriti é reconhecida como uma das maiores e mais respeitadas empresas de desenvolvimento e planejamento urbano no Brasil. Presente em 17 Estados e mais de 70 cidades, a Buriti tornou-se referência nacional em inovação, qualidade e credibilidade. Com mais de 170 empreendimentos imobiliários lançados, a empresa contribuiu para a realização de milhares de sonhos. Nos próximos anos, a Buriti planeja lançar mais de 150 mil novos terrenos em diversas regiões do país, consolidando ainda mais sua posição de liderança no setor.</p>\n<p style=\"text-align: justify;\">A PAUMA</p>\n<p style=\"text-align: justify;\">Há quase 25 anos, a Pauma se destaca no mercado imobiliário com a realização de loteamentos abertos, fechados e prédios residenciais e comerciais. Fundada por Paulo, a empresa valoriza a ética, o cumprimento de compromissos e o bom relacionamento com clientes e colaboradores. Com um foco no trabalho em parceria, a Pauma busca sempre agregar conhecimento para otimizar resultados e entregar empreendimentos que atendam aos anseios do mercado, proporcionando novas oportunidades e qualidade de vida em projetos habitacionais, comerciais e de lazer.</p>\n<p style=\"text-align: justify;\">Parceria com Histórico de Sucesso</p>\n<p style=\"text-align: justify;\">Desde 2014, a parceria entre Buriti e Pauma já lançou, em São Paulo, mais de 2.201 no Estado de São Paulo, nas cidades de Álvares Machado e Presidente Prudente Terrenos São bairros planejados e condomínios fechados, com excelente infraestrutura, que já transformaram a vida de milhares de famílias. O Residencial Parque dos Ipês será mais um passo importante nesta trajetória de sucesso, confira:</p>\n<p style=\"text-align: justify;\">Presidente Prudente<br/>\n● 2014 – <a href=\"http://buritiempreendimentos.com.br/properties/residencial-jatoba/\">Residencial Jatobá</a> – Condomínio fechado com 183 terrenos.<br/>\n● 2020 – <a href=\"http://buritiempreendimentos.com.br/properties/parque-dos-buritis/\">Residencial Parque dos Buritis</a> – Loteamento aberto com 1.412 terrenos.<br/>\n● 2023 – <a href=\"http://buritiempreendimentos.com.br/properties/residencial-garden-prime/\">Residencial Buriti Garden Prime</a> – Condomínio fechado com 484 terrenos.<br/>\nÁlvares Machado<br/>\n● 2021 – <a href=\"http://buritiempreendimentos.com.br/properties/jardim-das-acassias/\">Residencial Jardim das Acácias</a> – Loteamento aberto com 122 terrenos.<br/>\nDesse total de 2.201 terrenos lançados, 94% já foram vendidos.</p>\n<p> </p>\n<p><a href=\"http://buritionline.com.br/sp/presidente-prudente/\" rel=\"noopener\" target=\"_blank\"><img alt=\"Buriti\" class=\"aligncenter wp-image-9974 size-medium\" decoding=\"async\" height=\"103\" sizes=\"(max-width: 300px) 100vw, 300px\" src=\"http://buritiempreendimentos.com.br/wp-content/uploads/2024/08/BOTAO-FACA-SEU-CADASTRO-ARQUE-DOS-IPES_PRESIDENTE-PRUDENTE-300x103.png\" srcset=\"http://buritiempreendimentos.com.br/wp-content/uploads/2024/08/BOTAO-FACA-SEU-CADASTRO-ARQUE-DOS-IPES_PRESIDENTE-PRUDENTE-300x103.png 300w, http://buritiempreendimentos.com.br/wp-content/uploads/2024/08/BOTAO-FACA-SEU-CADASTRO-ARQUE-DOS-IPES_PRESIDENTE-PRUDENTE-370x127.png 370w, http://buritiempreendimentos.com.br/wp-content/uploads/2024/08/BOTAO-FACA-SEU-CADASTRO-ARQUE-DOS-IPES_PRESIDENTE-PRUDENTE.png 380w\" title=\"Foto Buriti\" width=\"300\"/></a></p>\n<p> </p>\n<div class=\"swp_social_panel swp_horizontal_panel swp_flat_fresh swp_default_full_color swp_individual_full_color swp_other_full_color scale-100 scale-\" data-float=\"none\" data-float-color=\"#ffffff\" data-float-mobile=\"none\" data-min-width=\"1100\" data-post-id=\"10010\" data-transition=\"slide\"><div class=\"nc_tweetContainer swp_share_button swp_facebook\" data-network=\"facebook\"><a class=\"nc_tweet swp_share_link\" data-link=\"http://www.facebook.com/share.php?u=http%3A%2F%2Fburitiempreendimentos.com.br%2Fburiti-celebra-107-anos-de-prudente-com-um-novo-empreendimento-que-impulsiona-o-desenvolvimento-urbano%2F\" href=\"http://www.facebook.com/share.php?u=http%3A%2F%2Fburitiempreendimentos.com.br%2Fburiti-celebra-107-anos-de-prudente-com-um-novo-empreendimento-que-impulsiona-o-desenvolvimento-urbano%2F\" rel=\"nofollow noreferrer noopener\" target=\"_blank\"><span class=\"swp_count swp_hide\"><span class=\"iconFiller\"><span class=\"spaceManWilly\"><i class=\"sw swp_facebook_icon\"></i><span class=\"swp_share\">Compartilhar</span></span></span></span></a></div><div class=\"nc_tweetContainer swp_share_button swp_linkedin\" data-network=\"linkedin\"><a class=\"nc_tweet swp_share_link\" data-link=\"http://www.linkedin.com/cws/share?url=http%3A%2F%2Fburitiempreendimentos.com.br%2Fburiti-celebra-107-anos-de-prudente-com-um-novo-empreendimento-que-impulsiona-o-desenvolvimento-urbano%2F\" href=\"http://www.linkedin.com/cws/share?url=http%3A%2F%2Fburitiempreendimentos.com.br%2Fburiti-celebra-107-anos-de-prudente-com-um-novo-empreendimento-que-impulsiona-o-desenvolvimento-urbano%2F\" rel=\"nofollow noreferrer noopener\" target=\"_blank\"><span class=\"swp_count swp_hide\"><span class=\"iconFiller\"><span class=\"spaceManWilly\"><i class=\"sw swp_linkedin_icon\"></i><span class=\"swp_share\">Compartilhar</span></span></span></span></a></div></div><div class=\"swp-content-locator\"></div> <div class=\"post_meta post_meta_single\"><span class=\"post_meta_item post_share\"><div class=\"socials_share socials_size_tiny socials_type_block socials_dir_horizontal socials_wrap\"><span class=\"social_items\"><a class=\"social_item social_item_popup\" data-count=\"none\" data-link=\"\" href=\"\"><span class=\"social_icon social_none\"><span class=\"none\"></span></span></a></span></div></span> </div>\n"
    },
    {
        "titulo": "A ciência da sustentabilidade: como biólogos transformam os empreendimentos da Buriti",
        "imagem": "http://buritiempreendimentos.com.br/wp-content/uploads/2024/09/CAPA_BLOG-DIA-DO-BIOLOGO-370x208.jpg",
        "data": "2024-09-03 14:00:00",
        "link": "http://buritiempreendimentos.com.br/a-ciencia-da-sustentabilidade-como-biologos-transformam-os-empreendimentos-da-buriti/",
        "conteudo": "\n<p style=\"text-align: center;\"><em>Descubra o papel essencial dos biólogos na criação de loteamentos que respeitam a natureza e promovem a qualidade de vida.</em></p>\n<p style=\"text-align: justify;\">Você sabia que o trabalho dos biólogos vai muito além dos laboratórios e florestas? No Dia do Biólogo, comemorado em 3 de setembro, celebramos a contribuição desses profissionais que ajudam a criar espaços sustentáveis e desempenham um papel crucial na análise e preservação do meio ambiente.</p>\n<p style=\"text-align: justify;\">Na <a href=\"http://buritiempreendimentos.com.br/\">Buriti Empreendimentos</a>, o trabalho dos biólogos começa bem antes de qualquer construção. Desde o início, eles conduzem estudos detalhados da biodiversidade local como parte do Programa de Gestão dos Impactos Ambientais. O objetivo é entender profundamente o ecossistema para que os loteamentos sejam planejados de forma a preservar a natureza.</p>\n<p style=\"text-align: justify;\">Esse programa é essencial para atender às exigências e regulamentações dos órgãos ambientais, garantindo que o desenvolvimento dos empreendimentos esteja alinhado com práticas sustentáveis.</p>\n<p style=\"text-align: justify;\"><strong>Fauna</strong></p>\n<p>Para proteger a fauna, a <a href=\"http://buritiempreendimentos.com.br/\">Buriti</a> conta com o trabalho dos biólogos no desenvolvimento do Programa de Afugentamento e Resgate de Animais Silvestres. Essa iniciativa inovadora busca minimizar os impactos sobre a fauna durante a remoção de vegetação.</p>\n<p style=\"text-align: justify;\">Biólogos e veterinários atuam em conjunto para garantir a segurança dos animais, afastando-os de áreas perigosas, resgatando os que estão em dificuldade, como anfíbios, répteis e filhotes de aves, e realizando triagens das espécies. Os animais resgatados são cuidadosamente realocados para áreas naturais seguras, preservando sua integridade física e ecológica.</p>\n<p style=\"text-align: justify;\">Flora</p>\n<p>A preservação da flora também é uma prioridade para a <a href=\"http://buritiempreendimentos.com.br/\">Buriti</a>. Por meio do Programa de Resgate de Flora e Recuperação de Áreas Degradadas (PRAD), a empresa adota medidas que asseguram a qualidade ambiental nas áreas dos seus empreendimentos.</p>\n<p style=\"text-align: justify;\">Entre essas ações estão o corte seletivo de árvores, a restauração florestal com espécies nativas e a compensação ambiental nas Áreas de Preservação Permanente (APPs). Esses esforços são fundamentais para proteger as áreas verdes e restaurar a biodiversidade local.</p>\n<p style=\"text-align: justify;\">Dia do biólogo</p>\n<p>Por tudo isso, nos orgulhamos de trabalhar lado a lado com esses profissionais dedicados, que ajudam a criar ambientes mais sustentáveis e harmoniosos para a comunidade. No Dia do Biólogo, celebramos seu papel na promoção de um desenvolvimento urbano que respeita a natureza e contribui para a preservação ambiental, garantindo um futuro mais verde para as próximas gerações.</p>\n<div class=\"swp_social_panel swp_horizontal_panel swp_flat_fresh swp_default_full_color swp_individual_full_color swp_other_full_color scale-100 scale-\" data-float=\"none\" data-float-color=\"#ffffff\" data-float-mobile=\"none\" data-min-width=\"1100\" data-post-id=\"9992\" data-transition=\"slide\"><div class=\"nc_tweetContainer swp_share_button swp_facebook\" data-network=\"facebook\"><a class=\"nc_tweet swp_share_link\" data-link=\"http://www.facebook.com/share.php?u=http%3A%2F%2Fburitiempreendimentos.com.br%2Fa-ciencia-da-sustentabilidade-como-biologos-transformam-os-empreendimentos-da-buriti%2F\" href=\"http://www.facebook.com/share.php?u=http%3A%2F%2Fburitiempreendimentos.com.br%2Fa-ciencia-da-sustentabilidade-como-biologos-transformam-os-empreendimentos-da-buriti%2F\" rel=\"nofollow noreferrer noopener\" target=\"_blank\"><span class=\"swp_count swp_hide\"><span class=\"iconFiller\"><span class=\"spaceManWilly\"><i class=\"sw swp_facebook_icon\"></i><span class=\"swp_share\">Compartilhar</span></span></span></span></a></div><div class=\"nc_tweetContainer swp_share_button swp_linkedin\" data-network=\"linkedin\"><a class=\"nc_tweet swp_share_link\" data-link=\"http://www.linkedin.com/cws/share?url=http%3A%2F%2Fburitiempreendimentos.com.br%2Fa-ciencia-da-sustentabilidade-como-biologos-transformam-os-empreendimentos-da-buriti%2F\" href=\"http://www.linkedin.com/cws/share?url=http%3A%2F%2Fburitiempreendimentos.com.br%2Fa-ciencia-da-sustentabilidade-como-biologos-transformam-os-empreendimentos-da-buriti%2F\" rel=\"nofollow noreferrer noopener\" target=\"_blank\"><span class=\"swp_count swp_hide\"><span class=\"iconFiller\"><span class=\"spaceManWilly\"><i class=\"sw swp_linkedin_icon\"></i><span class=\"swp_share\">Compartilhar</span></span></span></span></a></div></div><div class=\"swp-content-locator\"></div> <div class=\"post_meta post_meta_single\"><span class=\"post_meta_item post_share\"><div class=\"socials_share socials_size_tiny socials_type_block socials_dir_horizontal socials_wrap\"><span class=\"social_items\"><a class=\"social_item social_item_popup\" data-count=\"none\" data-link=\"\" href=\"\"><span class=\"social_icon social_none\"><span class=\"none\"></span></span></a></span></div></span> </div>\n"
    } 
]