[
    {
        "título": "Ato no Largo do São Francisco pela democracia (drone)",
        "imagem_principal": "https://esquerdaonline.com.br/wp-content/uploads/2022/08/hqdefault-400x225.jpg",
        "data": "2022-08-12 14:00:00",
        "iframe": "https://www.youtube.com/embed/P-a7bXTWb0U?feature=oembed"
    },
    {
        "título": "Valerio Arcary na Conferência Eleitoral do PSOL",
        "imagem_principal": "https://esquerdaonline.com.br/wp-content/uploads/2022/05/hqdefault-400x225.jpg",
        "data": "2022-05-10 14:00:00",
        "iframe": "https://www.youtube.com/embed/DWxnm5XNxuI?feature=oembed"
    },
    {
        "título": "Imagens de Leon Trotsky na Guerra Civil",
        "imagem_principal": "https://esquerdaonline.com.br/wp-content/uploads/2022/04/hqdefault-2-400x225.jpg",
        "data": "2022-04-18 14:00:00",
        "iframe": "https://www.youtube.com/embed/jlRl6TEGryE?feature=oembed"
    },
    {
        "título": "Henrique Canary analisa o documentário A História da Guerra Civil, de Vertov",
        "imagem_principal": "https://esquerdaonline.com.br/wp-content/uploads/2022/04/hqdefault-400x225.jpg",
        "data": "2022-04-18 14:00:00",
        "iframe": "https://www.youtube.com/embed/Vmfe_7PMKY0?feature=oembed"
    },
    {
        "título": "Não à guerra na Ucrânia",
        "imagem_principal": "https://esquerdaonline.com.br/wp-content/uploads/2022/04/hqdefault-1-400x225.jpg",
        "data": "2022-04-18 14:00:00",
        "iframe": "https://www.youtube.com/embed/oKn935JU97Q?feature=oembed"
    },
    {
        "título": "PLANTÃO EOL | O avanço da Covid-19 no Rio Grande do Sul",
        "imagem_principal": "https://esquerdaonline.com.br/wp-content/uploads/2021/03/hqdefault-400x225.jpg",
        "data": "2021-03-04 14:00:00",
        "iframe": "https://www.youtube.com/embed/lqmtbI9uzRc?feature=oembed"
    },
    {
        "título": "Entrevista com Ruy Braga sobre carteira verde amarela e a atual situação dos trabalhadores no Brasil",
        "imagem_principal": "https://esquerdaonline.com.br/wp-content/uploads/2020/05/hqdefault-16-400x225.jpg",
        "data": "2020-05-09 14:00:00",
        "iframe": "https://www.youtube.com/embed/6Bid9OrQ7nM?feature=oembed"
    },
    {
        "título": "Demissão de Mandetta e análise dos números Coronavírus no Brasil",
        "imagem_principal": "https://esquerdaonline.com.br/wp-content/uploads/2020/05/hqdefault-15-400x225.jpg",
        "data": "2020-05-09 14:00:00",
        "iframe": "https://www.youtube.com/embed/Siv73KqlIDQ?feature=oembed"
    },
    {
        "título": "Carteira verde e amarela e a retirada de direitos na pandemia",
        "imagem_principal": "https://esquerdaonline.com.br/wp-content/uploads/2020/05/hqdefault-14-400x225.jpg",
        "data": "2020-05-09 14:00:00",
        "iframe": "https://www.youtube.com/embed/GgEysQD52nw?feature=oembed"
    },
    {
        "título": "A conjuntura política e as estratégias da esquerda",
        "imagem_principal": "https://esquerdaonline.com.br/wp-content/uploads/2020/05/hqdefault-13-400x225.jpg",
        "data": "2020-05-09 14:00:00",
        "iframe": "https://www.youtube.com/embed/r9zYo_3kTrc?feature=oembed"
    },
    {
        "título": "Ciência, capitalismo e pandemia",
        "imagem_principal": "https://esquerdaonline.com.br/wp-content/uploads/2020/05/hqdefault-12-400x225.jpg",
        "data": "2020-05-09 14:00:00",
        "iframe": "https://www.youtube.com/embed/fw1_CI_Rx-8?start=1320&feature=oembed"
    },
    {
        "título": "Estado laico, religião e o papel das igrejas",
        "imagem_principal": "https://esquerdaonline.com.br/wp-content/uploads/2020/05/hqdefault-11-400x225.jpg",
        "data": "2020-05-09 14:00:00",
        "iframe": "https://www.youtube.com/embed/-Ys0YBAbPPg?start=2&feature=oembed"
    },
    {
        "título": "Conversas de Formação: Feminismo para os 99%",
        "imagem_principal": "https://esquerdaonline.com.br/wp-content/uploads/2020/05/hqdefault-10-400x225.jpg",
        "data": "2020-05-09 14:00:00",
        "iframe": "https://www.youtube.com/embed/2C-zH8c_NX8?start=3&feature=oembed"
    },
    {
        "título": "Campanha colaborativa recorrente EOL 2020: atravessar a tempestade, semear o futuro",
        "imagem_principal": "https://esquerdaonline.com.br/wp-content/uploads/2020/05/hqdefault-9-400x225.jpg",
        "data": "2020-05-09 14:00:00",
        "iframe": "https://www.youtube.com/embed/4aKElhoKbYQ?feature=oembed"
    },
    {
        "título": "Lançamento da campanha pela taxação das grandes fortunas",
        "imagem_principal": "https://esquerdaonline.com.br/wp-content/uploads/2020/05/hqdefault-8-400x225.jpg",
        "data": "2020-05-09 14:00:00",
        "iframe": "https://www.youtube.com/embed/34Lx7IYBpLc?feature=oembed"
    },
    {
        "título": "Cultura, Bolsonarismo e Pandemia",
        "imagem_principal": "https://esquerdaonline.com.br/wp-content/uploads/2020/05/hqdefault-7-400x225.jpg",
        "data": "2020-05-09 14:00:00",
        "iframe": "https://www.youtube.com/embed/E3K3C1CpcF8?feature=oembed"
    },
    {
        "título": "Bolsonaro, os militares e a quase-demissão de Mandetta",
        "imagem_principal": "https://esquerdaonline.com.br/wp-content/uploads/2020/05/hqdefault-6-400x225.jpg",
        "data": "2020-05-09 14:00:00",
        "iframe": null
    },
    {
        "título": "O SUS diante da pandemia",
        "imagem_principal": "https://esquerdaonline.com.br/wp-content/uploads/2020/05/hqdefault-5-400x225.jpg",
        "data": "2020-05-09 14:00:00",
        "iframe": "https://www.youtube.com/embed/NzQB1tw8QKM?feature=oembed"
    },
    {
        "título": "Ensino a Distância (EaD) no Brasil, em tempo de pandemia",
        "imagem_principal": "https://esquerdaonline.com.br/wp-content/uploads/2020/05/hqdefault-4-400x225.jpg",
        "data": "2020-05-09 14:00:00",
        "iframe": "https://www.youtube.com/embed/jc4aGV8iOSA?start=59&feature=oembed"
    },
    {
        "título": "Coronavírus: a luta pela vida e o governo Bolsonaro",
        "imagem_principal": "https://esquerdaonline.com.br/wp-content/uploads/2020/05/hqdefault-3-400x225.jpg",
        "data": "2020-05-09 14:00:00",
        "iframe": "https://www.youtube.com/embed/bP1Esa1fBAg?start=2&feature=oembed"
    },
    {
        "título": "Luta contra o Coronavírus em São Paulo",
        "imagem_principal": "https://esquerdaonline.com.br/wp-content/uploads/2020/05/hqdefault-2-400x225.jpg",
        "data": "2020-05-09 14:00:00",
        "iframe": "https://www.youtube.com/embed/IQC5ozDZ15g?feature=oembed"
    },
    {
        "título": "Conversas de Formação: O conceito de classe trabalhadora, com Marcelo Badaró e Dani Conte",
        "imagem_principal": "https://esquerdaonline.com.br/wp-content/uploads/2020/05/hqdefault-1-400x225.jpg",
        "data": "2020-05-09 14:00:00",
        "iframe": "https://www.youtube.com/embed/TGihoxXaibk?start=744&feature=oembed"
    },
    {
        "título": "Imigrantes leem manifesto pela regularização",
        "imagem_principal": "https://esquerdaonline.com.br/wp-content/themes/esquerdaonline-theme/assets/images/img-default-quadrada-p.png",
        "data": "2020-05-09 14:00:00",
        "iframe": "https://esquerdaonline.com.br/videos/imigrantes-leem-manifesto-pela-regularizacao/embed/#?secret=tmALPRBwnh#?secret=n6NeepWC89"
    },
    {
        "título": "Protestos de profissionais da saúde em Brasília",
        "imagem_principal": "https://esquerdaonline.com.br/wp-content/uploads/2020/05/hqdefault-400x225.jpg",
        "data": "2020-05-01 14:00:00",
        "iframe": "https://www.youtube.com/embed/KFVLUMoh4C0?feature=oembed"
    },
    {
        "título": "Ary Girota: Não ao plano estadual de desestatização. Em defesa da Cedae",
        "imagem_principal": "https://esquerdaonline.com.br/wp-content/uploads/2020/04/ary-girota-400x225.png",
        "data": "2020-04-23 14:00:00",
        "iframe": null
    },
    {
        "título": "Números da Pandemia (21/04)",
        "imagem_principal": "https://esquerdaonline.com.br/wp-content/uploads/2020/04/Sem-título2-400x225.png",
        "data": "2020-04-21 14:00:00",
        "iframe": "https://www.youtube.com/embed/MrqwOjBjkHA?feature=oembed"
    },
    {
        "título": "Covid-19 em favelas e periferias",
        "imagem_principal": "https://esquerdaonline.com.br/wp-content/uploads/2020/04/WhatsApp-Image-2020-04-04-at-16.47.09-400x225.jpeg",
        "data": "2020-04-04 14:00:00",
        "iframe": "https://www.youtube.com/embed/lKJahq-XR2U?feature=oembed"
    },
    {
        "título": "Universidades e pandemia",
        "imagem_principal": "https://esquerdaonline.com.br/wp-content/uploads/2020/04/WhatsApp-Image-2020-04-04-at-17.31.08-400x225.jpeg",
        "data": "2020-04-04 14:00:00",
        "iframe": "https://www.youtube.com/embed/sEKT_osdGUw?feature=oembed"
    },
    {
        "título": "A luta contra Bolsonaro",
        "imagem_principal": "https://esquerdaonline.com.br/wp-content/uploads/2020/04/hqdefault-7-400x225.jpg",
        "data": "2020-04-04 14:00:00",
        "iframe": "https://www.youtube.com/embed/1XKYkSysmGk?start=905&feature=oembed"
    },
    {
        "título": "Ditadura Nunca Mais",
        "imagem_principal": "https://esquerdaonline.com.br/wp-content/uploads/2020/04/WhatsApp-Image-2020-04-04-at-17.06.53-400x225.jpeg",
        "data": "2020-04-04 14:00:00",
        "iframe": "https://www.youtube.com/embed/2HLE4-jZhqc?start=682&feature=oembed"
    },
    {
        "título": "Políticas sociais diante da pandemia",
        "imagem_principal": "https://esquerdaonline.com.br/wp-content/uploads/2020/04/hqdefault-5-400x225.jpg",
        "data": "2020-04-04 14:00:00",
        "iframe": "https://www.youtube.com/embed/fChHTn4t7-M?feature=oembed"
    },
    {
        "título": "Mulheres e o Cononavírus: trabalho doméstico, desemprego, violência",
        "imagem_principal": "https://esquerdaonline.com.br/wp-content/uploads/2020/04/hqdefault-4-400x225.jpg",
        "data": "2020-04-04 14:00:00",
        "iframe": "https://www.youtube.com/embed/gKyjm6U7k5s?start=1424&feature=oembed"
    },
    {
        "título": "O ovo da serpente: Pandemia e ameaça totalitária",
        "imagem_principal": "https://esquerdaonline.com.br/wp-content/uploads/2020/04/hqdefault-3-400x225.jpg",
        "data": "2020-04-04 14:00:00",
        "iframe": "https://www.youtube.com/embed/GufeuzUYH1s?feature=oembed"
    },
    {
        "título": "Impactos políticos da crise sanitária",
        "imagem_principal": "https://esquerdaonline.com.br/wp-content/uploads/2020/04/hqdefault-2-400x225.jpg",
        "data": "2020-04-04 14:00:00",
        "iframe": "https://www.youtube.com/embed/8pN_VfLZ0XE?feature=oembed"
    },
    {
        "título": "Parar o trabalho para salvar vidas",
        "imagem_principal": "https://esquerdaonline.com.br/wp-content/uploads/2020/04/hqdefault-1-400x225.jpg",
        "data": "2020-04-04 14:00:00",
        "iframe": "https://www.youtube.com/embed/-F56YoO3UyM?feature=oembed"
    },
    {
        "título": "O covid-19 e o colapso do sistema de saúde (Brasil e Itália)",
        "imagem_principal": "https://esquerdaonline.com.br/wp-content/uploads/2020/04/WhatsApp-Image-2020-04-04-at-16.45.04-400x225.jpeg",
        "data": "2020-04-04 14:00:00",
        "iframe": "https://www.youtube.com/embed/fNS1xwg0o9s?feature=oembed"
    },
    {
        "título": "A luta pela vida e o governo Bolsonaro",
        "imagem_principal": "https://esquerdaonline.com.br/wp-content/uploads/2020/04/WhatsApp-Image-2020-04-04-at-21.30.26-400x225.jpeg",
        "data": "2020-04-04 14:00:00",
        "iframe": "https://www.youtube.com/embed/bP1Esa1fBAg?feature=oembed"
    },
    {
        "título": "Reveja a live sobre a rebelião no Chile",
        "imagem_principal": "https://esquerdaonline.com.br/wp-content/uploads/2019/10/WhatsApp-Image-2019-10-23-at-15.05.03-2-400x225.jpeg",
        "data": "2019-10-24 14:00:00",
        "iframe": null
    },
    {
        "título": "Boulos convida: filie-se ao PSOL",
        "imagem_principal": "https://esquerdaonline.com.br/wp-content/uploads/2019/09/Captura-de-Tela-2019-09-27-às-01.10.14-e1569557472799-400x225.png",
        "data": "2019-09-27 14:00:00",
        "iframe": null
    },
    {
        "título": "Iza Lourença: fortaleça a resistência, filie-se ao PSOL",
        "imagem_principal": "https://esquerdaonline.com.br/wp-content/uploads/2019/09/Captura-de-Tela-2019-09-27-às-00.59.50-400x225.png",
        "data": "2019-09-27 14:00:00",
        "iframe": null
    },
    {
        "título": "Matheus Gomes e Pierre Tazzo: é hora de tomar partido",
        "imagem_principal": "https://esquerdaonline.com.br/wp-content/uploads/2019/09/Captura-de-Tela-2019-09-27-às-00.59.02-400x225.png",
        "data": "2019-09-27 14:00:00",
        "iframe": null
    },
    {
        "título": "Silvia Ferraro convida: filie-se ao PSOL",
        "imagem_principal": "https://esquerdaonline.com.br/wp-content/uploads/2019/09/Captura-de-Tela-2019-09-27-às-00.59.35-e1569557112795-400x225.png",
        "data": "2019-09-27 14:00:00",
        "iframe": null
    },
    {
        "título": "Glauber Braga e Anna Karina chamam para o PSOL",
        "imagem_principal": "https://esquerdaonline.com.br/wp-content/uploads/2019/09/Captura-de-Tela-2019-09-27-às-01.01.13-400x225.png",
        "data": "2019-09-27 14:00:00",
        "iframe": null
    },
    {
        "título": "O governo está sabotando a Petrobras, beneficiando as empresas estrangeiras e prejudicando os mais pobres. Veja esse vídeo e entenda.",
        "imagem_principal": "https://esquerdaonline.com.br/wp-content/uploads/2019/09/hqdefault-1-400x225.jpg",
        "data": "2019-09-05 14:00:00",
        "iframe": "https://www.youtube.com/embed/Wt_oXArCyNE?feature=oembed"
    },
    {
        "título": "Entrevista com líder da Greve Estudantil Climática em Portugal",
        "imagem_principal": "https://esquerdaonline.com.br/wp-content/uploads/2019/09/hqdefault-400x225.jpg",
        "data": "2019-09-04 14:00:00",
        "iframe": "https://www.youtube.com/embed/wH2DB0zq5CM?feature=oembed"
    },
    {
        "título": "Atlas da Violência 2019 | Paula Nunes 001",
        "imagem_principal": "https://esquerdaonline.com.br/wp-content/uploads/2019/06/hqdefault-2-400x225.jpg",
        "data": "2019-06-19 14:00:00",
        "iframe": "https://www.youtube.com/embed/Cu8uTaTCnbs?feature=oembed"
    },
    {
        "título": "FEMINISMO PARA OS 99% – Tese 2 – Amanda Menconi",
        "imagem_principal": "https://esquerdaonline.com.br/wp-content/uploads/2019/06/hqdefault-3-400x225.jpg",
        "data": "2019-06-18 14:00:00",
        "iframe": "https://www.youtube.com/embed/Nk3LYn22xmY?feature=oembed"
    },
    {
        "título": "Renata Souza denuncia a autorização para matar",
        "imagem_principal": "https://esquerdaonline.com.br/wp-content/uploads/2019/06/hqdefault-1-400x225.jpg",
        "data": "2019-06-04 14:00:00",
        "iframe": "https://www.youtube.com/embed/gqROAOJH64A?feature=oembed"
    },
    {
        "título": "FEMINISMO PARA OS 99% – Tese 1 – Amanda Menconi",
        "imagem_principal": "https://esquerdaonline.com.br/wp-content/uploads/2019/06/hqdefault-400x225.jpg",
        "data": "2019-06-04 14:00:00",
        "iframe": "https://www.youtube.com/embed/LYNAS6E7UmY?start=2&feature=oembed"
    },
    {
        "título": "(TRADUZIDO) Jornalista fala a verdade sobre a Venezuela ao vivo na FOX",
        "imagem_principal": "https://esquerdaonline.com.br/wp-content/uploads/2019/05/hqdefault-1-400x225.jpg",
        "data": "2019-05-07 14:00:00",
        "iframe": "https://www.youtube.com/embed/rL-m-cBYqJw?start=3&feature=oembed"
    },
    {
        "título": "Criminalização do Funk e DJ Rennan da Penha",
        "imagem_principal": "https://esquerdaonline.com.br/wp-content/uploads/2019/05/hqdefault-2-400x225.jpg",
        "data": "2019-05-07 14:00:00",
        "iframe": "https://www.youtube.com/embed/6iq5yfCQxNY?feature=oembed"
    },
    {
        "título": "Entrevista sobre cortes na UFF e universidades brasileiras",
        "imagem_principal": "https://esquerdaonline.com.br/wp-content/uploads/2019/05/hqdefault-400x225.jpg",
        "data": "2019-05-04 14:00:00",
        "iframe": "https://www.youtube.com/embed/mT3zOCgXfGg?feature=oembed"
    },
    {
        "título": "Câmara de Natal, RN, aprova homenagem a Marielle Franco",
        "imagem_principal": "https://esquerdaonline.com.br/wp-content/themes/esquerdaonline-theme/assets/images/img-default-quadrada-p.png",
        "data": "2019-04-18 14:00:00",
        "iframe": "https://www.youtube.com/embed/sjCSVEIG640?feature=oembed"
    },
    {
        "título": "Entrevista com Juca Kfouri sobre política, governo Bolsonaro, esquerda pós-muro de Berlim e futebol",
        "imagem_principal": "https://esquerdaonline.com.br/wp-content/uploads/2019/04/hqdefault-2-400x225.jpg",
        "data": "2019-04-17 14:00:00",
        "iframe": "https://www.youtube.com/embed/QtagGAsv86Y?feature=oembed"
    },
    {
        "título": "Debate sobre conjuntura nacional, com André Freire (Resistência/PSOL)",
        "imagem_principal": "https://esquerdaonline.com.br/wp-content/themes/esquerdaonline-theme/assets/images/img-default-quadrada-p.png",
        "data": "2019-04-17 14:00:00",
        "iframe": "https://www.youtube.com/embed/AVPeYW69mIg?feature=oembed"
    },
    {
        "título": "80 tiros: silêncio criminoso",
        "imagem_principal": "https://esquerdaonline.com.br/wp-content/uploads/2019/04/hqdefault-1-400x225.jpg",
        "data": "2019-04-12 14:00:00",
        "iframe": "https://www.youtube.com/embed/bK1vXrxFM1c?feature=oembed"
    },
    {
        "título": "Reforma da Previdência e as Mulheres",
        "imagem_principal": "https://esquerdaonline.com.br/wp-content/uploads/2019/04/hqdefault-400x225.jpg",
        "data": "2019-04-11 14:00:00",
        "iframe": "https://www.youtube.com/embed/RGLWb7aUJT4?feature=oembed"
    },
    {
        "título": "Ditadura Nunca Mais",
        "imagem_principal": "https://esquerdaonline.com.br/wp-content/uploads/2019/03/hqdefault-8-400x225.jpg",
        "data": "2019-03-30 14:00:00",
        "iframe": "https://www.youtube.com/embed/uognK-iMbk4?feature=oembed"
    },
    {
        "título": "1964, 55 anos depois: comemorações ou resistência?",
        "imagem_principal": "https://esquerdaonline.com.br/wp-content/uploads/2019/03/hqdefault-9-400x225.jpg",
        "data": "2019-03-30 14:00:00",
        "iframe": "https://www.youtube.com/embed/mRtUVRL8OYE?feature=oembed"
    },
    {
        "título": "Ditadura nunca mais: uma análise por Valerio Arcary",
        "imagem_principal": "https://esquerdaonline.com.br/wp-content/uploads/2019/03/hqdefault-11-400x225.jpg",
        "data": "2019-03-30 14:00:00",
        "iframe": "https://www.youtube.com/embed/EsFeRjIes20?feature=oembed"
    },
    {
        "título": "Rio Previdência, pelo presidente da CPI Flávio Serafini (PSOL)",
        "imagem_principal": "https://esquerdaonline.com.br/wp-content/uploads/2019/03/hqdefault-7-400x225.jpg",
        "data": "2019-03-28 14:00:00",
        "iframe": "https://www.youtube.com/embed/368VOw0NOLA?feature=oembed"
    },
    {
        "título": "Reportagem Especial | Os avanços da diversidade progressista",
        "imagem_principal": "https://esquerdaonline.com.br/wp-content/uploads/2019/03/hqdefault-6-400x225.jpg",
        "data": "2019-03-22 14:00:00",
        "iframe": "https://www.youtube.com/embed/aWvh_ltkoog?feature=oembed"
    },
    {
        "título": "“Eu sou, porque nós somos”: nossa homenagem a Marielle Franco",
        "imagem_principal": "https://esquerdaonline.com.br/wp-content/uploads/2019/03/marielle-vídeo-400x225.jpg",
        "data": "2019-03-20 14:00:00",
        "iframe": null
    },
    {
        "título": "Reforma da Previdência em um minuto",
        "imagem_principal": "https://esquerdaonline.com.br/wp-content/uploads/2019/03/hqdefault-5-400x225.jpg",
        "data": "2019-03-20 14:00:00",
        "iframe": "https://www.youtube.com/embed/HepcUidM8H0?feature=oembed"
    },
    {
        "título": "Reforma da Previdência, ponto a ponto",
        "imagem_principal": "https://esquerdaonline.com.br/wp-content/uploads/2019/03/reforma-da-previdência-2-400x225.jpg",
        "data": "2019-03-18 14:00:00",
        "iframe": null
    },
    {
        "título": "“O cara que tem 117 fuzis odeia muita gente, né?”",
        "imagem_principal": "https://esquerdaonline.com.br/wp-content/uploads/2019/03/marielle-3-400x225.jpg",
        "data": "2019-03-18 14:00:00",
        "iframe": null
    },
    {
        "título": "Previdência – A reforma e os professores",
        "imagem_principal": "https://esquerdaonline.com.br/wp-content/uploads/2019/03/reforma-da-previdência-1-400x225.jpg",
        "data": "2019-03-18 14:00:00",
        "iframe": null
    },
    {
        "título": "Apresentação Curso online Fascismo: teoria, história e atualidade",
        "imagem_principal": "https://esquerdaonline.com.br/wp-content/uploads/2019/03/marcelo-badaró-400x225.jpg",
        "data": "2019-03-18 14:00:00",
        "iframe": "https://www.youtube.com/embed/JplkVk07cto?start=244&feature=oembed"
    },
    {
        "título": "Fascismo aula 1: Fascismo e conservadorismo no mundo contemporâneo",
        "imagem_principal": "https://esquerdaonline.com.br/wp-content/uploads/2019/03/hqdefault-400x225.jpg",
        "data": "2019-03-18 14:00:00",
        "iframe": "https://www.youtube.com/embed/v1Dkl_EN8Tg?start=2126&feature=oembed"
    },
    {
        "título": "FASCISMO AULA 2 Regimes políticos: bonapartismo e fascismo",
        "imagem_principal": "https://esquerdaonline.com.br/wp-content/uploads/2019/03/hqdefault-1-400x225.jpg",
        "data": "2019-03-18 14:00:00",
        "iframe": "https://www.youtube.com/embed/qS8sDsy0hFc?start=859&feature=oembed"
    },
    {
        "título": "FASCISMO AULA 3 Gramsci e a ascensão do fascismo",
        "imagem_principal": "https://esquerdaonline.com.br/wp-content/uploads/2019/03/hqdefault-2-400x225.jpg",
        "data": "2019-03-18 14:00:00",
        "iframe": "https://www.youtube.com/embed/1rbZ8OMf0Fo?start=22&feature=oembed"
    },
    {
        "título": "FASCISMO Aula 4 Fascismo e antifascismo no Brasil",
        "imagem_principal": "https://esquerdaonline.com.br/wp-content/uploads/2019/03/hqdefault-3-400x225.jpg",
        "data": "2019-03-18 14:00:00",
        "iframe": "https://www.youtube.com/embed/hN5zsGHCvOg?start=1515&feature=oembed"
    },
    {
        "título": "FASCISMO AULA 5 Sete livros fundamentais para entender o fascismo",
        "imagem_principal": "https://esquerdaonline.com.br/wp-content/uploads/2019/03/hqdefault-4-400x225.jpg",
        "data": "2019-03-18 14:00:00",
        "iframe": "https://www.youtube.com/embed/U_4VJBgCFT0?feature=oembed"
    },
    {
        "título": "Entrevista com Cinzia Arruzza – Matrimônios e divórcios entre feminismo e marxismo",
        "imagem_principal": "https://esquerdaonline.com.br/wp-content/uploads/2018/08/hqdefault-13-400x225.jpg",
        "data": "2018-08-29 14:00:00",
        "iframe": "https://www.youtube.com/embed/ybCMmZxoDrw?feature=oembed"
    },
    {
        "título": "Povo fala o que realmente pensa de Guilherme Boulos",
        "imagem_principal": "https://esquerdaonline.com.br/wp-content/uploads/2018/08/guilherme-boulos-fala-povo-400x225.jpg",
        "data": "2018-08-28 14:00:00",
        "iframe": null
    },
    {
        "título": "Segurança do Trabalho é debate em Porto Alegre",
        "imagem_principal": "https://esquerdaonline.com.br/wp-content/uploads/2018/08/hqdefault-12-400x225.jpg",
        "data": "2018-08-28 14:00:00",
        "iframe": "https://www.youtube.com/embed/K16YT0TU2C4?feature=oembed"
    },
    {
        "título": "Entenda como foi a corrupção na ditadura militar",
        "imagem_principal": "https://esquerdaonline.com.br/wp-content/uploads/2018/08/hqdefault-14-400x225.jpg",
        "data": "2018-08-28 14:00:00",
        "iframe": "https://www.youtube.com/embed/gQ-MsYEIcwQ?feature=oembed"
    },
    {
        "título": "Café com Boulos",
        "imagem_principal": "https://esquerdaonline.com.br/wp-content/uploads/2018/07/cafeboulos-400x225.jpg",
        "data": "2018-07-23 14:00:00",
        "iframe": null
    },
    {
        "título": "Ato no Largo do São Francisco pela democracia (drone)",
        "imagem_principal": "https://esquerdaonline.com.br/wp-content/uploads/2022/08/hqdefault-400x225.jpg",
        "data": "2022-08-12 14:00:00",
        "iframe": "https://www.youtube.com/embed/P-a7bXTWb0U?feature=oembed"
    },
    {
        "título": "Valerio Arcary na Conferência Eleitoral do PSOL",
        "imagem_principal": "https://esquerdaonline.com.br/wp-content/uploads/2022/05/hqdefault-400x225.jpg",
        "data": "2022-05-10 14:00:00",
        "iframe": "https://www.youtube.com/embed/DWxnm5XNxuI?feature=oembed"
    },
    {
        "título": "Imagens de Leon Trotsky na Guerra Civil",
        "imagem_principal": "https://esquerdaonline.com.br/wp-content/uploads/2022/04/hqdefault-2-400x225.jpg",
        "data": "2022-04-18 14:00:00",
        "iframe": "https://www.youtube.com/embed/jlRl6TEGryE?feature=oembed"
    },
    {
        "título": "Henrique Canary analisa o documentário A História da Guerra Civil, de Vertov",
        "imagem_principal": "https://esquerdaonline.com.br/wp-content/uploads/2022/04/hqdefault-400x225.jpg",
        "data": "2022-04-18 14:00:00",
        "iframe": "https://www.youtube.com/embed/Vmfe_7PMKY0?feature=oembed"
    },
    {
        "título": "Não à guerra na Ucrânia",
        "imagem_principal": "https://esquerdaonline.com.br/wp-content/uploads/2022/04/hqdefault-1-400x225.jpg",
        "data": "2022-04-18 14:00:00",
        "iframe": "https://www.youtube.com/embed/oKn935JU97Q?feature=oembed"
    },
    {
        "título": "PLANTÃO EOL | O avanço da Covid-19 no Rio Grande do Sul",
        "imagem_principal": "https://esquerdaonline.com.br/wp-content/uploads/2021/03/hqdefault-400x225.jpg",
        "data": "2021-03-04 14:00:00",
        "iframe": "https://www.youtube.com/embed/lqmtbI9uzRc?feature=oembed"
    },
    {
        "título": "Entrevista com Ruy Braga sobre carteira verde amarela e a atual situação dos trabalhadores no Brasil",
        "imagem_principal": "https://esquerdaonline.com.br/wp-content/uploads/2020/05/hqdefault-16-400x225.jpg",
        "data": "2020-05-09 14:00:00",
        "iframe": "https://www.youtube.com/embed/6Bid9OrQ7nM?feature=oembed"
    },
    {
        "título": "Demissão de Mandetta e análise dos números Coronavírus no Brasil",
        "imagem_principal": "https://esquerdaonline.com.br/wp-content/uploads/2020/05/hqdefault-15-400x225.jpg",
        "data": "2020-05-09 14:00:00",
        "iframe": "https://www.youtube.com/embed/Siv73KqlIDQ?feature=oembed"
    },
    {
        "título": "Carteira verde e amarela e a retirada de direitos na pandemia",
        "imagem_principal": "https://esquerdaonline.com.br/wp-content/uploads/2020/05/hqdefault-14-400x225.jpg",
        "data": "2020-05-09 14:00:00",
        "iframe": "https://www.youtube.com/embed/GgEysQD52nw?feature=oembed"
    },
    {
        "título": "A conjuntura política e as estratégias da esquerda",
        "imagem_principal": "https://esquerdaonline.com.br/wp-content/uploads/2020/05/hqdefault-13-400x225.jpg",
        "data": "2020-05-09 14:00:00",
        "iframe": "https://www.youtube.com/embed/r9zYo_3kTrc?feature=oembed"
    },
    {
        "título": "Ato no Largo do São Francisco pela democracia (drone)",
        "imagem_principal": "https://esquerdaonline.com.br/wp-content/uploads/2022/08/hqdefault-400x225.jpg",
        "data": "2022-08-12 14:00:00",
        "iframe": "https://www.youtube.com/embed/P-a7bXTWb0U?feature=oembed"
    },
    {
        "título": "Valerio Arcary na Conferência Eleitoral do PSOL",
        "imagem_principal": "https://esquerdaonline.com.br/wp-content/uploads/2022/05/hqdefault-400x225.jpg",
        "data": "2022-05-10 14:00:00",
        "iframe": "https://www.youtube.com/embed/DWxnm5XNxuI?feature=oembed"
    },
    {
        "título": "Imagens de Leon Trotsky na Guerra Civil",
        "imagem_principal": "https://esquerdaonline.com.br/wp-content/uploads/2022/04/hqdefault-2-400x225.jpg",
        "data": "2022-04-18 14:00:00",
        "iframe": "https://www.youtube.com/embed/jlRl6TEGryE?feature=oembed"
    },
    {
        "título": "Henrique Canary analisa o documentário A História da Guerra Civil, de Vertov",
        "imagem_principal": "https://esquerdaonline.com.br/wp-content/uploads/2022/04/hqdefault-400x225.jpg",
        "data": "2022-04-18 14:00:00",
        "iframe": "https://www.youtube.com/embed/Vmfe_7PMKY0?feature=oembed"
    },
    {
        "título": "Não à guerra na Ucrânia",
        "imagem_principal": "https://esquerdaonline.com.br/wp-content/uploads/2022/04/hqdefault-1-400x225.jpg",
        "data": "2022-04-18 14:00:00",
        "iframe": "https://www.youtube.com/embed/oKn935JU97Q?feature=oembed"
    },
    {
        "título": "PLANTÃO EOL | O avanço da Covid-19 no Rio Grande do Sul",
        "imagem_principal": "https://esquerdaonline.com.br/wp-content/uploads/2021/03/hqdefault-400x225.jpg",
        "data": "2021-03-04 14:00:00",
        "iframe": "https://www.youtube.com/embed/lqmtbI9uzRc?feature=oembed"
    },
    {
        "título": "Entrevista com Ruy Braga sobre carteira verde amarela e a atual situação dos trabalhadores no Brasil",
        "imagem_principal": "https://esquerdaonline.com.br/wp-content/uploads/2020/05/hqdefault-16-400x225.jpg",
        "data": "2020-05-09 14:00:00",
        "iframe": "https://www.youtube.com/embed/6Bid9OrQ7nM?feature=oembed"
    },
    {
        "título": "Demissão de Mandetta e análise dos números Coronavírus no Brasil",
        "imagem_principal": "https://esquerdaonline.com.br/wp-content/uploads/2020/05/hqdefault-15-400x225.jpg",
        "data": "2020-05-09 14:00:00",
        "iframe": "https://www.youtube.com/embed/Siv73KqlIDQ?feature=oembed"
    },
    {
        "título": "Carteira verde e amarela e a retirada de direitos na pandemia",
        "imagem_principal": "https://esquerdaonline.com.br/wp-content/uploads/2020/05/hqdefault-14-400x225.jpg",
        "data": "2020-05-09 14:00:00",
        "iframe": "https://www.youtube.com/embed/GgEysQD52nw?feature=oembed"
    },
    {
        "título": "A conjuntura política e as estratégias da esquerda",
        "imagem_principal": "https://esquerdaonline.com.br/wp-content/uploads/2020/05/hqdefault-13-400x225.jpg",
        "data": "2020-05-09 14:00:00",
        "iframe": "https://www.youtube.com/embed/r9zYo_3kTrc?feature=oembed"
    }
]