{
  "UNIMED": {
    "Compacto": {
      "De 0 a 18 anos": 425.00,
      "De 19 a 23 anos": 520.21,
      "De 24 a 28 anos": 651.36,
      "De 29 a 33 anos": 719.79,
      "De 34 a 38 anos": 766.66,
      "De 39 a 43 anos": 889.32,
      "De 44 a 48 anos": 1063.10,
      "De 49 a 53 anos": 1275.01,
      "De 54 a 58 anos": 1513.74,
      "59 anos ou mais": 2550.02
    },
    "Efetivo": {
      "De 0 a 18 anos": 476.98,
      "De 19 a 23 anos": 583.82,
      "De 24 a 28 anos": 731.03,
      "De 29 a 33 anos": 807.83,
      "De 34 a 38 anos": 860.43,
      "De 39 a 43 anos": 998.08,
      "De 44 a 48 anos": 1193.12,
      "De 49 a 53 anos": 1430.94,
      "De 54 a 58 anos": 1698.87,
      "59 anos ou mais": 2861.90
    },
    "Completo": {
      "De 0 a 18 anos": 567.06,
      "De 19 a 23 anos": 694.07,
      "De 24 a 28 anos": 869.07,
      "De 29 a 33 anos": 960.37,
      "De 34 a 38 anos": 1022.91,
      "De 39 a 43 anos": 1186.56,
      "De 44 a 48 anos": 1418.42,
      "De 49 a 53 anos": 1701.16,
      "De 54 a 58 anos": 2019.67,
      "59 anos ou mais": 3402.31
    },
    "Superior": {
      "De 0 a 18 anos": 631.45,
      "De 19 a 23 anos": 772.90,
      "De 24 a 28 anos": 967.77,
      "De 29 a 33 anos": 1069.44,
      "De 34 a 38 anos": 1143.19,
      "De 39 a 43 anos": 1321.32,
      "De 44 a 48 anos": 1597.51,
      "De 49 a 53 anos": 1894.36,
      "De 54 a 58 anos": 2249.05,
      "59 anos ou mais": 3788.72
    },
    "Superior Plus": {
      "De 0 a 18 anos": 707.10,
      "De 19 a 23 anos": 865.50,
      "De 24 a 28 anos": 1083.70,
      "De 29 a 33 anos": 1197.55,
      "De 34 a 38 anos": 1275.54,
      "De 39 a 43 anos": 1479.61,
      "De 44 a 48 anos": 1768.75,
      "De 49 a 53 anos": 2121.31,
      "De 54 a 58 anos": 2518.49,
      "59 anos ou mais": 4242.61
    },
    "Sênior": {
      "De 0 a 18 anos": 1340.07,
      "De 19 a 23 anos": 1640.23,
      "De 24 a 28 anos": 2053.79,
      "De 29 a 33 anos": 2269.55,
      "De 34 a 38 anos": 2417.34,
      "De 39 a 43 anos": 2804.08,
      "De 44 a 48 anos": 3352.04,
      "De 49 a 53 anos": 4020.19,
      "De 54 a 58 anos": 4772.91,
      "59 anos ou mais": 8040.38
    }
  },
  "AMIL": {
    "Essencial": {
      "De 0 a 18 anos": 300.00,
      "De 19 a 23 anos": 350.00,
      "De 24 a 28 anos": 450.00,
      "De 29 a 33 anos": 500.00,
      "De 34 a 38 anos": 550.00,
      "De 39 a 43 anos": 650.00,
      "De 44 a 48 anos": 800.00,
      "De 49 a 53 anos": 1000.00,
      "De 54 a 58 anos": 1200.00,
      "59 anos ou mais": 2000.00
    },
    "Premium": {
      "De 0 a 18 anos": 400.00,
      "De 19 a 23 anos": 450.00,
      "De 24 a 28 anos": 550.00,
      "De 29 a 33 anos": 600.00,
      "De 34 a 38 anos": 650.00,
      "De 39 a 43 anos": 800.00,
      "De 44 a 48 anos": 1000.00,
      "De 49 a 53 anos": 1250.00,
      "De 54 a 58 anos": 1500.00,
      "59 anos ou mais": 2500.00
    }
  }
}